query_id,query_template,timestamp,execution_time_ms,frequency,tables,where_columns,join_columns,order_columns
Q003,SELECT * FROM Transactions WHERE account_id = %s ORDER BY txn_date DESC;,2026-10-05T12:55:47Z,2.08,MEDIUM,Transactions,account_id,,txn_date
Q001,SELECT * FROM Transactions WHERE account_id = %s;,2026-10-05T12:55:47Z,1.687,HIGH,Transactions,account_id,,
Q002,SELECT * FROM Transactions WHERE txn_date BETWEEN %s AND %s;,2026-10-05T12:55:47Z,41.751,HIGH,Transactions,txn_date,,
Q002,SELECT * FROM Transactions WHERE txn_date BETWEEN %s AND %s;,2026-10-05T12:55:47Z,18.85,HIGH,Transactions,txn_date,,
Q001,SELECT * FROM Transactions WHERE account_id = %s;,2026-10-05T12:55:47Z,2.053,HIGH,Transactions,account_id,,
Q002,SELECT * FROM Transactions WHERE txn_date BETWEEN %s AND %s;,2026-10-05T12:55:47Z,4.291,HIGH,Transactions,txn_date,,
Q005,SELECT * FROM Loans WHERE customer_id = %s;,2026-10-05T12:55:47Z,1.208,MEDIUM,Loans,customer_id,,
Q005,SELECT * FROM Loans WHERE customer_id = %s;,2026-10-05T12:55:47Z,1.037,MEDIUM,Loans,customer_id,,
Q005,SELECT * FROM Loans WHERE customer_id = %s;,2026-10-05T12:55:47Z,1.061,MEDIUM,Loans,customer_id,,
Q006,SELECT * FROM Customers WHERE branch_id = %s;,2026-10-05T12:55:47Z,2.948,LOW,Customers,branch_id,,
Q003,SELECT * FROM Transactions WHERE account_id = %s ORDER BY txn_date DESC;,2026-10-05T12:55:47Z,1.471,MEDIUM,Transactions,account_id,,txn_date
Q005,SELECT * FROM Loans WHERE customer_id = %s;,2026-10-05T12:55:47Z,1.141,MEDIUM,Loans,customer_id,,
Q001,SELECT * FROM Transactions WHERE account_id = %s;,2026-10-05T12:55:47Z,1.146,HIGH,Transactions,account_id,,
Q001,SELECT * FROM Transactions WHERE account_id = %s;,2026-10-05T12:55:47Z,1.032,HIGH,Transactions,account_id,,
Q004,"SELECT c.name, a.account_id FROM Customers c JOIN Accounts a ON c.customer_id = a.customer_id WHERE c.customer_id = %s;",2026-10-05T12:55:47Z,1.065,MEDIUM,Customers;Accounts,customer_id,customer_id,
Q002,SELECT * FROM Transactions WHERE txn_date BETWEEN %s AND %s;,2026-10-05T12:55:47Z,9.013,HIGH,Transactions,txn_date,,
Q002,SELECT * FROM Transactions WHERE txn_date BETWEEN %s AND %s;,2026-10-05T12:55:47Z,21.583,HIGH,Transactions,txn_date,,
Q006,SELECT * FROM Customers WHERE branch_id = %s;,2026-10-05T12:55:47Z,3.126,LOW,Customers,branch_id,,
Q001,SELECT * FROM Transactions WHERE account_id = %s;,2026-10-05T12:55:47Z,1.229,HIGH,Transactions,account_id,,
Q001,SELECT * FROM Transactions WHERE account_id = %s;,2026-10-05T12:55:47Z,1.396,HIGH,Transactions,account_id,,
Q005,SELECT * FROM Loans WHERE customer_id = %s;,2026-10-05T12:55:47Z,1.313,MEDIUM,Loans,customer_id,,
Q002,SELECT * FROM Transactions WHERE txn_date BETWEEN %s AND %s;,2026-10-05T12:55:47Z,10.259,HIGH,Transactions,txn_date,,
Q005,SELECT * FROM Loans WHERE customer_id = %s;,2026-10-05T12:55:47Z,1.615,MEDIUM,Loans,customer_id,,
Q004,"SELECT c.name, a.account_id FROM Customers c JOIN Accounts a ON c.customer_id = a.customer_id WHERE c.customer_id = %s;",2026-10-05T12:55:47Z,1.384,MEDIUM,Customers;Accounts,customer_id,customer_id,
Q005,SELECT * FROM Loans WHERE customer_id = %s;,2026-10-05T12:55:47Z,1.527,MEDIUM,Loans,customer_id,,
Q006,SELECT * FROM Customers WHERE branch_id = %s;,2026-10-05T12:55:47Z,2.346,LOW,Customers,branch_id,,
Q005,SELECT * FROM Loans WHERE customer_id = %s;,2026-10-05T12:55:47Z,1.355,MEDIUM,Loans,customer_id,,
Q002,SELECT * FROM Transactions WHERE txn_date BETWEEN %s AND %s;,2026-10-05T12:55:47Z,2.809,HIGH,Transactions,txn_date,,
Q003,SELECT * FROM Transactions WHERE account_id = %s ORDER BY txn_date DESC;,2026-10-05T12:55:47Z,1.571,MEDIUM,Transactions,account_id,,txn_date
Q004,"SELECT c.name, a.account_id FROM Customers c JOIN Accounts a ON c.customer_id = a.customer_id WHERE c.customer_id = %s;",2026-10-05T12:55:47Z,1.159,MEDIUM,Customers;Accounts,customer_id,customer_id,
Q003,SELECT * FROM Transactions WHERE account_id = %s ORDER BY txn_date DESC;,2026-10-05T12:55:47Z,1.334,MEDIUM,Transactions,account_id,,txn_date
Q002,SELECT * FROM Transactions WHERE txn_date BETWEEN %s AND %s;,2026-10-05T12:55:47Z,16.911,HIGH,Transactions,txn_date,,
Q002,SELECT * FROM Transactions WHERE txn_date BETWEEN %s AND %s;,2026-10-05T12:55:47Z,16.336,HIGH,Transactions,txn_date,,
Q001,SELECT * FROM Transactions WHERE account_id = %s;,2026-10-05T12:55:47Z,1.528,HIGH,Transactions,account_id,,
Q005,SELECT * FROM Loans WHERE customer_id = %s;,2026-10-05T12:55:47Z,1.085,MEDIUM,Loans,customer_id,,
Q002,SELECT * FROM Transactions WHERE txn_date BETWEEN %s AND %s;,2026-10-05T12:55:47Z,16.567,HIGH,Transactions,txn_date,,
Q004,"SELECT c.name, a.account_id FROM Customers c JOIN Accounts a ON c.customer_id = a.customer_id WHERE c.customer_id = %s;",2026-10-05T12:55:47Z,1.527,MEDIUM,Customers;Accounts,customer_id,customer_id,
Q002,SELECT * FROM Transactions WHERE txn_date BETWEEN %s AND %s;,2026-10-05T12:55:47Z,21.031,HIGH,Transactions,txn_date,,
Q005,SELECT * FROM Loans WHERE customer_id = %s;,2026-10-05T12:55:47Z,1.658,MEDIUM,Loans,customer_id,,
Q005,SELECT * FROM Loans WHERE customer_id = %s;,2026-10-05T12:55:47Z,1.08,MEDIUM,Loans,customer_id,,
Q002,SELECT * FROM Transactions WHERE txn_date BETWEEN %s AND %s;,2026-10-05T12:55:47Z,13.393,HIGH,Transactions,txn_date,,
Q005,SELECT * FROM Loans WHERE customer_id = %s;,2026-10-05T12:55:47Z,1.736,MEDIUM,Loans,customer_id,,
Q001,SELECT * FROM Transactions WHERE account_id = %s;,2026-10-05T12:55:47Z,1.681,HIGH,Transactions,account_id,,
Q001,SELECT * FROM Transactions WHERE account_id = %s;,2026-10-05T12:55:47Z,1.471,HIGH,Transactions,account_id,,
Q002,SELECT * FROM Transactions WHERE txn_date BETWEEN %s AND %s;,2026-10-05T12:55:47Z,23.272,HIGH,Transactions,txn_date,,
Q006,SELECT * FROM Customers WHERE branch_id = %s;,2026-10-05T12:55:47Z,3.383,LOW,Customers,branch_id,,
Q004,"SELECT c.name, a.account_id FROM Customers c JOIN Accounts a ON c.customer_id = a.customer_id WHERE c.customer_id = %s;",2026-10-05T12:55:47Z,1.375,MEDIUM,Customers;Accounts,customer_id,customer_id,
Q002,SELECT * FROM Transactions WHERE txn_date BETWEEN %s AND %s;,2026-10-05T12:55:47Z,13.873,HIGH,Transactions,txn_date,,
Q002,SELECT * FROM Transactions WHERE txn_date BETWEEN %s AND %s;,2026-10-05T12:55:47Z,4.915,HIGH,Transactions,txn_date,,
Q004,"SELECT c.name, a.account_id FROM Customers c JOIN Accounts a ON c.customer_id = a.customer_id WHERE c.customer_id = %s;",2026-10-05T12:55:47Z,1.215,MEDIUM,Customers;Accounts,customer_id,customer_id,
Q003,SELECT * FROM Transactions WHERE account_id = %s ORDER BY txn_date DESC;,2026-10-05T12:55:47Z,1.255,MEDIUM,Transactions,account_id,,txn_date
Q004,"SELECT c.name, a.account_id FROM Customers c JOIN Accounts a ON c.customer_id = a.customer_id WHERE c.customer_id = %s;",2026-10-05T12:55:47Z,0.993,MEDIUM,Customers;Accounts,customer_id,customer_id,
Q002,SELECT * FROM Transactions WHERE txn_date BETWEEN %s AND %s;,2026-10-05T12:55:47Z,20.614,HIGH,Transactions,txn_date,,
Q002,SELECT * FROM Transactions WHERE txn_date BETWEEN %s AND %s;,2026-10-05T12:55:47Z,21.096,HIGH,Transactions,txn_date,,
Q001,SELECT * FROM Transactions WHERE account_id = %s;,2026-10-05T12:55:47Z,1.669,HIGH,Transactions,account_id,,
Q004,"SELECT c.name, a.account_id FROM Customers c JOIN Accounts a ON c.customer_id = a.customer_id WHERE c.customer_id = %s;",2026-10-05T12:55:47Z,1.286,MEDIUM,Customers;Accounts,customer_id,customer_id,
Q001,SELECT * FROM Transactions WHERE account_id = %s;,2026-10-05T12:55:47Z,1.173,HIGH,Transactions,account_id,,
Q005,SELECT * FROM Loans WHERE customer_id = %s;,2026-10-05T12:55:47Z,0.954,MEDIUM,Loans,customer_id,,
Q002,SELECT * FROM Transactions WHERE txn_date BETWEEN %s AND %s;,2026-10-05T12:55:47Z,12.564,HIGH,Transactions,txn_date,,
Q005,SELECT * FROM Loans WHERE customer_id = %s;,2026-10-05T12:55:47Z,1.524,MEDIUM,Loans,customer_id,,
Q004,"SELECT c.name, a.account_id FROM Customers c JOIN Accounts a ON c.customer_id = a.customer_id WHERE c.customer_id = %s;",2026-10-05T12:55:47Z,1.264,MEDIUM,Customers;Accounts,customer_id,customer_id,
Q003,SELECT * FROM Transactions WHERE account_id = %s ORDER BY txn_date DESC;,2026-10-05T12:55:47Z,1.108,MEDIUM,Transactions,account_id,,txn_date
Q004,"SELECT c.name, a.account_id FROM Customers c JOIN Accounts a ON c.customer_id = a.customer_id WHERE c.customer_id = %s;",2026-10-05T12:55:47Z,1.083,MEDIUM,Customers;Accounts,customer_id,customer_id,
Q006,SELECT * FROM Customers WHERE branch_id = %s;,2026-10-05T12:55:47Z,2.493,LOW,Customers,branch_id,,
Q006,SELECT * FROM Customers WHERE branch_id = %s;,2026-10-05T12:55:47Z,2.099,LOW,Customers,branch_id,,
Q003,SELECT * FROM Transactions WHERE account_id = %s ORDER BY txn_date DESC;,2026-10-05T12:55:47Z,1.489,MEDIUM,Transactions,account_id,,txn_date
Q001,SELECT * FROM Transactions WHERE account_id = %s;,2026-10-05T12:55:47Z,1.215,HIGH,Transactions,account_id,,
Q002,SELECT * FROM Transactions WHERE txn_date BETWEEN %s AND %s;,2026-10-05T12:55:47Z,12.73,HIGH,Transactions,txn_date,,
Q004,"SELECT c.name, a.account_id FROM Customers c JOIN Accounts a ON c.customer_id = a.customer_id WHERE c.customer_id = %s;",2026-10-05T12:55:47Z,1.363,MEDIUM,Customers;Accounts,customer_id,customer_id,
Q001,SELECT * FROM Transactions WHERE account_id = %s;,2026-10-05T12:55:47Z,1.37,HIGH,Transactions,account_id,,
Q003,SELECT * FROM Transactions WHERE account_id = %s ORDER BY txn_date DESC;,2026-10-05T12:55:47Z,1.434,MEDIUM,Transactions,account_id,,txn_date
Q004,"SELECT c.name, a.account_id FROM Customers c JOIN Accounts a ON c.customer_id = a.customer_id WHERE c.customer_id = %s;",2026-10-05T12:55:47Z,1.021,MEDIUM,Customers;Accounts,customer_id,customer_id,
Q004,"SELECT c.name, a.account_id FROM Customers c JOIN Accounts a ON c.customer_id = a.customer_id WHERE c.customer_id = %s;",2026-10-05T12:55:47Z,1.059,MEDIUM,Customers;Accounts,customer_id,customer_id,
Q005,SELECT * FROM Loans WHERE customer_id = %s;,2026-10-05T12:55:47Z,1.055,MEDIUM,Loans,customer_id,,
Q004,"SELECT c.name, a.account_id FROM Customers c JOIN Accounts a ON c.customer_id = a.customer_id WHERE c.customer_id = %s;",2026-10-05T12:55:47Z,1.057,MEDIUM,Customers;Accounts,customer_id,customer_id,
Q002,SELECT * FROM Transactions WHERE txn_date BETWEEN %s AND %s;,2026-10-05T12:55:47Z,3.977,HIGH,Transactions,txn_date,,
Q001,SELECT * FROM Transactions WHERE account_id = %s;,2026-10-05T12:55:47Z,1.383,HIGH,Transactions,account_id,,
Q004,"SELECT c.name, a.account_id FROM Customers c JOIN Accounts a ON c.customer_id = a.customer_id WHERE c.customer_id = %s;",2026-10-05T12:55:47Z,1.056,MEDIUM,Customers;Accounts,customer_id,customer_id,
Q005,SELECT * FROM Loans WHERE customer_id = %s;,2026-10-05T12:55:47Z,1.066,MEDIUM,Loans,customer_id,,
Q001,SELECT * FROM Transactions WHERE account_id = %s;,2026-10-05T12:55:47Z,1.422,HIGH,Transactions,account_id,,
Q005,SELECT * FROM Loans WHERE customer_id = %s;,2026-10-05T12:55:47Z,1.273,MEDIUM,Loans,customer_id,,
Q005,SELECT * FROM Loans WHERE customer_id = %s;,2026-10-05T12:55:47Z,1.213,MEDIUM,Loans,customer_id,,
Q002,SELECT * FROM Transactions WHERE txn_date BETWEEN %s AND %s;,2026-10-05T12:55:47Z,18.753,HIGH,Transactions,txn_date,,
Q005,SELECT * FROM Loans WHERE customer_id = %s;,2026-10-05T12:55:47Z,1.658,MEDIUM,Loans,customer_id,,
Q005,SELECT * FROM Loans WHERE customer_id = %s;,2026-10-05T12:55:47Z,0.998,MEDIUM,Loans,customer_id,,
Q003,SELECT * FROM Transactions WHERE account_id = %s ORDER BY txn_date DESC;,2026-10-05T12:55:47Z,1.129,MEDIUM,Transactions,account_id,,txn_date
Q001,SELECT * FROM Transactions WHERE account_id = %s;,2026-10-05T12:55:47Z,1.151,HIGH,Transactions,account_id,,
Q001,SELECT * FROM Transactions WHERE account_id = %s;,2026-10-05T12:55:47Z,1.433,HIGH,Transactions,account_id,,
Q002,SELECT * FROM Transactions WHERE txn_date BETWEEN %s AND %s;,2026-10-05T12:55:47Z,28.99,HIGH,Transactions,txn_date,,
Q004,"SELECT c.name, a.account_id FROM Customers c JOIN Accounts a ON c.customer_id = a.customer_id WHERE c.customer_id = %s;",2026-10-05T12:55:47Z,3.128,MEDIUM,Customers;Accounts,customer_id,customer_id,
Q001,SELECT * FROM Transactions WHERE account_id = %s;,2026-10-05T12:55:47Z,1.586,HIGH,Transactions,account_id,,
Q003,SELECT * FROM Transactions WHERE account_id = %s ORDER BY txn_date DESC;,2026-10-05T12:55:47Z,1.842,MEDIUM,Transactions,account_id,,txn_date
Q004,"SELECT c.name, a.account_id FROM Customers c JOIN Accounts a ON c.customer_id = a.customer_id WHERE c.customer_id = %s;",2026-10-05T12:55:47Z,1.303,MEDIUM,Customers;Accounts,customer_id,customer_id,
Q001,SELECT * FROM Transactions WHERE account_id = %s;,2026-10-05T12:55:47Z,1.329,HIGH,Transactions,account_id,,
Q002,SELECT * FROM Transactions WHERE txn_date BETWEEN %s AND %s;,2026-10-05T12:55:47Z,24.484,HIGH,Transactions,txn_date,,
Q001,SELECT * FROM Transactions WHERE account_id = %s;,2026-10-05T12:55:47Z,2.216,HIGH,Transactions,account_id,,
Q002,SELECT * FROM Transactions WHERE txn_date BETWEEN %s AND %s;,2026-10-05T12:55:47Z,4.225,HIGH,Transactions,txn_date,,
Q003,SELECT * FROM Transactions WHERE account_id = %s ORDER BY txn_date DESC;,2026-10-05T12:55:47Z,1.431,MEDIUM,Transactions,account_id,,txn_date
Q002,SELECT * FROM Transactions WHERE txn_date BETWEEN %s AND %s;,2026-10-05T12:55:47Z,13.036,HIGH,Transactions,txn_date,,
Q001,SELECT * FROM Transactions WHERE account_id = %s;,2026-10-05T12:55:47Z,2.063,HIGH,Transactions,account_id,,
